,Month,Year,Rainfall,WPI
count,81.0,81.0,81.0,81.0
mean,6.666666666666667,2015.111111111111,97.57160493827162,113.83703703703702
std,3.420526275297414,1.9621416870348585,92.68048100135205,11.766418788701646
min,1.0,2012.0,6.7,93.7
25%,4.0,2013.0,22.8,101.7
50%,7.0,2015.0,57.8,115.8
75%,10.0,2017.0,171.5,121.3
max,12.0,2018.0,310.0,142.3
